{"OpenedDocuments":"[\"Framework/Process.xaml\",\"Main.xaml\"]","ProjectBreakpoints":"{\"Value\":{\"Test.xaml\":[{\"ConditionalExpression\":null,\"ActionExpression\":null,\"ExpectedHitCounter\":null,\"ShouldContinueAfterAction\":false,\"IsTransient\":false,\"IsEnabled\":true,\"Id\":\"399e7e07-396c-4bca-b5bc-62f4630e0bf9\",\"ActivityIdRef\":\"Sequence_6\",\"ActivityId\":\"1.2\",\"ActivityName\":\"Sequence\"}],\"Esatis/Esatis_PDF.xaml\":[{\"ConditionalExpression\":null,\"ActionExpression\":null,\"ExpectedHitCounter\":null,\"ShouldContinueAfterAction\":false,\"IsTransient\":false,\"IsEnabled\":true,\"Id\":\"3d1b3ee2-3955-440e-aa71-c0db789096dc\",\"ActivityIdRef\":\"Sequence_4\",\"ActivityId\":\"1.2\",\"ActivityName\":\"Sequence\"},{\"ConditionalExpression\":null,\"ActionExpression\":null,\"ExpectedHitCounter\":null,\"ShouldContinueAfterAction\":false,\"IsTransient\":false,\"IsEnabled\":true,\"Id\":\"7f05c735-6bc4-4940-bd95-41c5a0ff97f3\",\"ActivityIdRef\":\"Matches_2\",\"ActivityId\":\"1.29\",\"ActivityName\":\"1\"}]}}","ProjectWatches":"{\"Value\":[]}"}